Area,Item,Year,average_rain_fall_mm_per_year,pesticides_tonnes,avg_temp,hg/ha_yield
Albania,Maize,2013,1485.0,982.32,17.41,69533
Albania,Potatoes,2013,1485.0,982.32,17.41,260110
Albania,Soybeans,2013,1485.0,982.32,17.41,10000
Albania,Wheat,2013,1485.0,982.32,17.41,41292
Algeria,Maize,2013,89.0,17278.65,17.65,33649
Algeria,Potatoes,2013,89.0,17278.65,17.65,303218
Algeria,"Rice, paddy",2013,89.0,17278.65,17.65,17778
Algeria,Sorghum,2013,89.0,17278.65,17.65,60000
Algeria,Wheat,2013,89.0,17278.65,17.65,19100
Angola,Cassava,2013,1010.0,40.0,24.55,140517
Angola,Maize,2013,1010.0,40.0,24.55,9467
Angola,Potatoes,2013,1010.0,40.0,24.55,63303
Angola,"Rice, paddy",2013,1010.0,40.0,24.55,12744
Angola,Sorghum,2013,1010.0,40.0,24.55,2415
Angola,Soybeans,2013,1010.0,40.0,24.55,4405
Angola,Sweet potatoes,2013,1010.0,40.0,24.55,73409
Angola,Wheat,2013,1010.0,40.0,24.55,9022
Argentina,Cassava,2013,591.0,171945.54,16.45,99459
Argentina,Cassava,2013,591.0,171945.54,16.88,99459
Argentina,Maize,2013,591.0,171945.54,16.45,66037
Argentina,Maize,2013,591.0,171945.54,16.88,66037
Argentina,Potatoes,2013,591.0,171945.54,16.45,288984
Argentina,Potatoes,2013,591.0,171945.54,16.88,288984
Argentina,"Rice, paddy",2013,591.0,171945.54,16.45,67187
Argentina,"Rice, paddy",2013,591.0,171945.54,16.88,67187
Argentina,Sorghum,2013,591.0,171945.54,16.45,40852
Argentina,Sorghum,2013,591.0,171945.54,16.88,40852
Argentina,Soybeans,2013,591.0,171945.54,16.45,25391
Argentina,Soybeans,2013,591.0,171945.54,16.88,25391
Argentina,Sweet potatoes,2013,591.0,171945.54,16.45,147498
Argentina,Sweet potatoes,2013,591.0,171945.54,16.88,147498
Argentina,Wheat,2013,591.0,171945.54,16.45,26581
Argentina,Wheat,2013,591.0,171945.54,16.88,26581
Armenia,Maize,2013,562.0,278.72,11.08,67114
Armenia,Potatoes,2013,562.0,278.72,11.08,215290
Armenia,Wheat,2013,562.0,278.72,11.08,31273
Australia,Maize,2013,534.0,45177.18,17.39,64441
Australia,Maize,2013,534.0,45177.18,20.14,64441
Australia,Maize,2013,534.0,45177.18,12.19,64441
Australia,Maize,2013,534.0,45177.18,14.74,64441
Australia,Maize,2013,534.0,45177.18,19.98,64441
Australia,Maize,2013,534.0,45177.18,18.09,64441
Australia,Potatoes,2013,534.0,45177.18,17.39,385434
Australia,Potatoes,2013,534.0,45177.18,20.14,385434
Australia,Potatoes,2013,534.0,45177.18,12.19,385434
Australia,Potatoes,2013,534.0,45177.18,14.74,385434
Australia,Potatoes,2013,534.0,45177.18,19.98,385434
Australia,Potatoes,2013,534.0,45177.18,18.09,385434
Australia,"Rice, paddy",2013,534.0,45177.18,17.39,102177
Australia,"Rice, paddy",2013,534.0,45177.18,20.14,102177
Australia,"Rice, paddy",2013,534.0,45177.18,12.19,102177
Australia,"Rice, paddy",2013,534.0,45177.18,14.74,102177
Australia,"Rice, paddy",2013,534.0,45177.18,19.98,102177
Australia,"Rice, paddy",2013,534.0,45177.18,18.09,102177
Australia,Sorghum,2013,534.0,45177.18,17.39,34419
Australia,Sorghum,2013,534.0,45177.18,20.14,34419
Australia,Sorghum,2013,534.0,45177.18,12.19,34419
Australia,Sorghum,2013,534.0,45177.18,14.74,34419
Australia,Sorghum,2013,534.0,45177.18,19.98,34419
Australia,Sorghum,2013,534.0,45177.18,18.09,34419
Australia,Soybeans,2013,534.0,45177.18,17.39,22336
Australia,Soybeans,2013,534.0,45177.18,20.14,22336
Australia,Soybeans,2013,534.0,45177.18,12.19,22336
Australia,Soybeans,2013,534.0,45177.18,14.74,22336
Australia,Soybeans,2013,534.0,45177.18,19.98,22336
Australia,Soybeans,2013,534.0,45177.18,18.09,22336
Australia,Sweet potatoes,2013,534.0,45177.18,17.39,344391
Australia,Sweet potatoes,2013,534.0,45177.18,20.14,344391
Australia,Sweet potatoes,2013,534.0,45177.18,12.19,344391
Australia,Sweet potatoes,2013,534.0,45177.18,14.74,344391
Australia,Sweet potatoes,2013,534.0,45177.18,19.98,344391
Australia,Sweet potatoes,2013,534.0,45177.18,18.09,344391
Australia,Wheat,2013,534.0,45177.18,17.39,17609
Australia,Wheat,2013,534.0,45177.18,20.14,17609
Australia,Wheat,2013,534.0,45177.18,12.19,17609
Australia,Wheat,2013,534.0,45177.18,14.74,17609
Australia,Wheat,2013,534.0,45177.18,19.98,17609
Australia,Wheat,2013,534.0,45177.18,18.09,17609
Austria,Maize,2013,1110.0,3108.6,10.03,81173
Austria,Potatoes,2013,1110.0,3108.6,10.03,285897
Austria,Sorghum,2013,1110.0,3108.6,10.03,52447
Austria,Soybeans,2013,1110.0,3108.6,10.03,19697
Austria,Wheat,2013,1110.0,3108.6,10.03,53743
Azerbaijan,Maize,2013,447.0,489.8,14.12,53903
Azerbaijan,Potatoes,2013,447.0,489.8,14.12,151999
Azerbaijan,"Rice, paddy",2013,447.0,489.8,14.12,22808
Azerbaijan,Sorghum,2013,447.0,489.8,14.12,5000
Azerbaijan,Soybeans,2013,447.0,489.8,14.12,6457
Azerbaijan,Wheat,2013,447.0,489.8,14.12,26719
Bahamas,Cassava,2013,1292.0,268.2,25.88,221509
Bahamas,Maize,2013,1292.0,268.2,25.88,74465
Bahamas,Plantains and others,2013,1292.0,268.2,25.88,76928
Bahamas,Sweet potatoes,2013,1292.0,268.2,25.88,34953
Bahrain,Potatoes,2013,83.0,9.14,27.86,179569
Bangladesh,Maize,2013,2666.0,15330.16,26.59,65953
Bangladesh,Maize,2013,2666.0,15330.16,26.59,65953
Bangladesh,Potatoes,2013,2666.0,15330.16,26.59,193790
Bangladesh,Potatoes,2013,2666.0,15330.16,26.59,193790
Bangladesh,"Rice, paddy",2013,2666.0,15330.16,26.59,45317
Bangladesh,"Rice, paddy",2013,2666.0,15330.16,26.59,45317
Bangladesh,Sorghum,2013,2666.0,15330.16,26.59,11343
Bangladesh,Sorghum,2013,2666.0,15330.16,26.59,11343
Bangladesh,Soybeans,2013,2666.0,15330.16,26.59,14729
Bangladesh,Soybeans,2013,2666.0,15330.16,26.59,14729
Bangladesh,Sweet potatoes,2013,2666.0,15330.16,26.59,97019
Bangladesh,Sweet potatoes,2013,2666.0,15330.16,26.59,97019
Bangladesh,Wheat,2013,2666.0,15330.16,26.59,30138
Bangladesh,Wheat,2013,2666.0,15330.16,26.59,30138
Belarus,Maize,2013,618.0,9163.51,7.83,55656
Belarus,Potatoes,2013,618.0,9163.51,7.83,193536
Belarus,Wheat,2013,618.0,9163.51,7.83,30610
Belgium,Maize,2013,847.0,5905.6,10.36,111500
Belgium,Potatoes,2013,847.0,5905.6,10.36,454642
Belgium,Wheat,2013,847.0,5905.6,10.36,89349
Botswana,Maize,2013,416.0,17.0,18.69,849
Botswana,Sorghum,2013,416.0,17.0,18.69,3168
Brazil,Cassava,2013,1761.0,367778.0,21.59,140795
Brazil,Cassava,2013,1761.0,367778.0,20.07,140795
Brazil,Cassava,2013,1761.0,367778.0,17.57,140795
Brazil,Cassava,2013,1761.0,367778.0,17.57,140795
Brazil,Cassava,2013,1761.0,367778.0,27.71,140795
Brazil,Cassava,2013,1761.0,367778.0,20.07,140795
Brazil,Cassava,2013,1761.0,367778.0,27.11,140795
Brazil,Cassava,2013,1761.0,367778.0,17.84,140795
Brazil,Cassava,2013,1761.0,367778.0,26.4,140795
Brazil,Cassava,2013,1761.0,367778.0,25.19,140795
Brazil,Cassava,2013,1761.0,367778.0,26.14,140795
Brazil,Maize,2013,1761.0,367778.0,21.59,52536
Brazil,Maize,2013,1761.0,367778.0,20.07,52536
Brazil,Maize,2013,1761.0,367778.0,17.57,52536
Brazil,Maize,2013,1761.0,367778.0,17.57,52536
Brazil,Maize,2013,1761.0,367778.0,27.71,52536
Brazil,Maize,2013,1761.0,367778.0,20.07,52536
Brazil,Maize,2013,1761.0,367778.0,27.11,52536
Brazil,Maize,2013,1761.0,367778.0,17.84,52536
Brazil,Maize,2013,1761.0,367778.0,26.4,52536
Brazil,Maize,2013,1761.0,367778.0,25.19,52536
Brazil,Maize,2013,1761.0,367778.0,26.14,52536
Brazil,Potatoes,2013,1761.0,367778.0,21.59,277517
Brazil,Potatoes,2013,1761.0,367778.0,20.07,277517
Brazil,Potatoes,2013,1761.0,367778.0,17.57,277517
Brazil,Potatoes,2013,1761.0,367778.0,17.57,277517
Brazil,Potatoes,2013,1761.0,367778.0,27.71,277517
Brazil,Potatoes,2013,1761.0,367778.0,20.07,277517
Brazil,Potatoes,2013,1761.0,367778.0,27.11,277517
Brazil,Potatoes,2013,1761.0,367778.0,17.84,277517
Brazil,Potatoes,2013,1761.0,367778.0,26.4,277517
Brazil,Potatoes,2013,1761.0,367778.0,25.19,277517
Brazil,Potatoes,2013,1761.0,367778.0,26.14,277517
Brazil,"Rice, paddy",2013,1761.0,367778.0,21.59,50071
Brazil,"Rice, paddy",2013,1761.0,367778.0,20.07,50071
Brazil,"Rice, paddy",2013,1761.0,367778.0,17.57,50071
Brazil,"Rice, paddy",2013,1761.0,367778.0,17.57,50071
Brazil,"Rice, paddy",2013,1761.0,367778.0,27.71,50071
Brazil,"Rice, paddy",2013,1761.0,367778.0,20.07,50071
Brazil,"Rice, paddy",2013,1761.0,367778.0,27.11,50071
Brazil,"Rice, paddy",2013,1761.0,367778.0,17.84,50071
Brazil,"Rice, paddy",2013,1761.0,367778.0,26.4,50071
Brazil,"Rice, paddy",2013,1761.0,367778.0,25.19,50071
Brazil,"Rice, paddy",2013,1761.0,367778.0,26.14,50071
Brazil,Sorghum,2013,1761.0,367778.0,21.59,26817
Brazil,Sorghum,2013,1761.0,367778.0,20.07,26817
Brazil,Sorghum,2013,1761.0,367778.0,17.57,26817
Brazil,Sorghum,2013,1761.0,367778.0,17.57,26817
Brazil,Sorghum,2013,1761.0,367778.0,27.71,26817
Brazil,Sorghum,2013,1761.0,367778.0,20.07,26817
Brazil,Sorghum,2013,1761.0,367778.0,27.11,26817
Brazil,Sorghum,2013,1761.0,367778.0,17.84,26817
Brazil,Sorghum,2013,1761.0,367778.0,26.4,26817
Brazil,Sorghum,2013,1761.0,367778.0,25.19,26817
Brazil,Sorghum,2013,1761.0,367778.0,26.14,26817
Brazil,Soybeans,2013,1761.0,367778.0,21.59,29285
Brazil,Soybeans,2013,1761.0,367778.0,20.07,29285
Brazil,Soybeans,2013,1761.0,367778.0,17.57,29285
Brazil,Soybeans,2013,1761.0,367778.0,17.57,29285
Brazil,Soybeans,2013,1761.0,367778.0,27.71,29285
Brazil,Soybeans,2013,1761.0,367778.0,20.07,29285
Brazil,Soybeans,2013,1761.0,367778.0,27.11,29285
Brazil,Soybeans,2013,1761.0,367778.0,17.84,29285
Brazil,Soybeans,2013,1761.0,367778.0,26.4,29285
Brazil,Soybeans,2013,1761.0,367778.0,25.19,29285
Brazil,Soybeans,2013,1761.0,367778.0,26.14,29285
Brazil,Sweet potatoes,2013,1761.0,367778.0,21.59,130913
Brazil,Sweet potatoes,2013,1761.0,367778.0,20.07,130913
Brazil,Sweet potatoes,2013,1761.0,367778.0,17.57,130913
Brazil,Sweet potatoes,2013,1761.0,367778.0,17.57,130913
Brazil,Sweet potatoes,2013,1761.0,367778.0,27.71,130913
Brazil,Sweet potatoes,2013,1761.0,367778.0,20.07,130913
Brazil,Sweet potatoes,2013,1761.0,367778.0,27.11,130913
Brazil,Sweet potatoes,2013,1761.0,367778.0,17.84,130913
Brazil,Sweet potatoes,2013,1761.0,367778.0,26.4,130913
Brazil,Sweet potatoes,2013,1761.0,367778.0,25.19,130913
Brazil,Sweet potatoes,2013,1761.0,367778.0,26.14,130913
Brazil,Wheat,2013,1761.0,367778.0,21.59,27491
Brazil,Wheat,2013,1761.0,367778.0,20.07,27491
Brazil,Wheat,2013,1761.0,367778.0,17.57,27491
Brazil,Wheat,2013,1761.0,367778.0,17.57,27491
Brazil,Wheat,2013,1761.0,367778.0,27.71,27491
Brazil,Wheat,2013,1761.0,367778.0,20.07,27491
Brazil,Wheat,2013,1761.0,367778.0,27.11,27491
Brazil,Wheat,2013,1761.0,367778.0,17.84,27491
Brazil,Wheat,2013,1761.0,367778.0,26.4,27491
Brazil,Wheat,2013,1761.0,367778.0,25.19,27491
Brazil,Wheat,2013,1761.0,367778.0,26.14,27491
Brazil,Yams,2013,1761.0,367778.0,21.59,96078
Brazil,Yams,2013,1761.0,367778.0,20.07,96078
Brazil,Yams,2013,1761.0,367778.0,17.57,96078
Brazil,Yams,2013,1761.0,367778.0,17.57,96078
Brazil,Yams,2013,1761.0,367778.0,27.71,96078
Brazil,Yams,2013,1761.0,367778.0,20.07,96078
Brazil,Yams,2013,1761.0,367778.0,27.11,96078
Brazil,Yams,2013,1761.0,367778.0,17.84,96078
Brazil,Yams,2013,1761.0,367778.0,26.4,96078
Brazil,Yams,2013,1761.0,367778.0,25.19,96078
Brazil,Yams,2013,1761.0,367778.0,26.14,96078
Bulgaria,Maize,2013,608.0,1197.0,11.26,63943
Bulgaria,Potatoes,2013,608.0,1197.0,11.26,146125
Bulgaria,"Rice, paddy",2013,608.0,1197.0,11.26,54945
Bulgaria,Sorghum,2013,608.0,1197.0,11.26,26792
Bulgaria,Soybeans,2013,608.0,1197.0,11.26,17976
Bulgaria,Wheat,2013,608.0,1197.0,11.26,41885
Burkina Faso,Cassava,2013,748.0,843.0,29.41,13594
Burkina Faso,Maize,2013,748.0,843.0,29.41,17353
Burkina Faso,Potatoes,2013,748.0,843.0,29.41,19481
Burkina Faso,"Rice, paddy",2013,748.0,843.0,29.41,21993
Burkina Faso,Sorghum,2013,748.0,843.0,29.41,10409
Burkina Faso,Soybeans,2013,748.0,843.0,29.41,13512
Burkina Faso,Sweet potatoes,2013,748.0,843.0,29.41,146793
Burkina Faso,Yams,2013,748.0,843.0,29.41,58594
Burundi,Cassava,2013,1274.0,956.06,21.53,68749
Burundi,Maize,2013,1274.0,956.06,21.53,13218
Burundi,Potatoes,2013,1274.0,956.06,21.53,62252
Burundi,"Rice, paddy",2013,1274.0,956.06,21.53,19130
Burundi,Sorghum,2013,1274.0,956.06,21.53,6513
Burundi,Soybeans,2013,1274.0,956.06,21.53,9554
Burundi,Sweet potatoes,2013,1274.0,956.06,21.53,104528
Burundi,Wheat,2013,1274.0,956.06,21.53,7276
Burundi,Yams,2013,1274.0,956.06,21.53,79279
Cameroon,Cassava,2013,1604.0,1372.47,25.45,147894
Cameroon,Maize,2013,1604.0,1372.47,25.45,19787
Cameroon,Plantains and others,2013,1604.0,1372.47,25.45,119444
Cameroon,Potatoes,2013,1604.0,1372.47,25.45,133560
Cameroon,"Rice, paddy",2013,1604.0,1372.47,25.45,11641
Cameroon,Sorghum,2013,1604.0,1372.47,25.45,15074
Cameroon,Soybeans,2013,1604.0,1372.47,25.45,13228
Cameroon,Sweet potatoes,2013,1604.0,1372.47,25.45,54288
Cameroon,Wheat,2013,1604.0,1372.47,25.45,12879
Cameroon,Yams,2013,1604.0,1372.47,25.45,103844
Canada,Maize,2013,537.0,81659.8,9.19,95878
Canada,Maize,2013,537.0,81659.8,10.11,95878
Canada,Maize,2013,537.0,81659.8,7.86,95878
Canada,Maize,2013,537.0,81659.8,7.08,95878
Canada,Maize,2013,537.0,81659.8,8.46,95878
Canada,Maize,2013,537.0,81659.8,9.85,95878
Canada,Potatoes,2013,537.0,81659.8,9.19,132270
Canada,Potatoes,2013,537.0,81659.8,10.11,132270
Canada,Potatoes,2013,537.0,81659.8,7.86,132270
Canada,Potatoes,2013,537.0,81659.8,7.08,132270
Canada,Potatoes,2013,537.0,81659.8,8.46,132270
Canada,Potatoes,2013,537.0,81659.8,9.85,132270
Canada,Soybeans,2013,537.0,81659.8,9.19,28810
Canada,Soybeans,2013,537.0,81659.8,10.11,28810
Canada,Soybeans,2013,537.0,81659.8,7.86,28810
Canada,Soybeans,2013,537.0,81659.8,7.08,28810
Canada,Soybeans,2013,537.0,81659.8,8.46,28810
Canada,Soybeans,2013,537.0,81659.8,9.85,28810
Canada,Wheat,2013,537.0,81659.8,9.19,35943
Canada,Wheat,2013,537.0,81659.8,10.11,35943
Canada,Wheat,2013,537.0,81659.8,7.86,35943
Canada,Wheat,2013,537.0,81659.8,7.08,35943
Canada,Wheat,2013,537.0,81659.8,8.46,35943
Canada,Wheat,2013,537.0,81659.8,9.85,35943
Central African Republic,Cassava,2013,1342.0,22.87,25.69,28375
Central African Republic,Maize,2013,1342.0,22.87,25.69,12446
Central African Republic,Plantains and others,2013,1342.0,22.87,25.69,28626
Central African Republic,Potatoes,2013,1342.0,22.87,25.69,11818
Central African Republic,"Rice, paddy",2013,1342.0,22.87,25.69,18665
Central African Republic,Sorghum,2013,1342.0,22.87,25.69,10529
Central African Republic,Yams,2013,1342.0,22.87,25.69,78333
Chile,Maize,2013,1522.0,9830.72,13.07,106321
Chile,Maize,2013,1522.0,9830.72,5.94,106321
Chile,Potatoes,2013,1522.0,9830.72,13.07,233767
Chile,Potatoes,2013,1522.0,9830.72,5.94,233767
Chile,"Rice, paddy",2013,1522.0,9830.72,13.07,62051
Chile,"Rice, paddy",2013,1522.0,9830.72,5.94,62051
Chile,Sweet potatoes,2013,1522.0,9830.72,13.07,107692
Chile,Sweet potatoes,2013,1522.0,9830.72,5.94,107692
Chile,Wheat,2013,1522.0,9830.72,13.07,58143
Chile,Wheat,2013,1522.0,9830.72,5.94,58143
Colombia,Cassava,2013,3240.0,54563.38,27.6,99633
Colombia,Cassava,2013,3240.0,54563.38,22.85,99633
Colombia,Maize,2013,3240.0,54563.38,27.6,28246
Colombia,Maize,2013,3240.0,54563.38,22.85,28246
Colombia,Plantains and others,2013,3240.0,54563.38,27.6,84230
Colombia,Plantains and others,2013,3240.0,54563.38,22.85,84230
Colombia,Potatoes,2013,3240.0,54563.38,27.6,185619
Colombia,Potatoes,2013,3240.0,54563.38,22.85,185619
Colombia,"Rice, paddy",2013,3240.0,54563.38,27.6,38371
Colombia,"Rice, paddy",2013,3240.0,54563.38,22.85,38371
Colombia,Sorghum,2013,3240.0,54563.38,27.6,32034
Colombia,Sorghum,2013,3240.0,54563.38,22.85,32034
Colombia,Soybeans,2013,3240.0,54563.38,27.6,27250
Colombia,Soybeans,2013,3240.0,54563.38,22.85,27250
Colombia,Wheat,2013,3240.0,54563.38,27.6,16938
Colombia,Wheat,2013,3240.0,54563.38,22.85,16938
Colombia,Yams,2013,3240.0,54563.38,27.6,109992
Colombia,Yams,2013,3240.0,54563.38,22.85,109992
Croatia,Maize,2013,1113.0,1836.21,11.58,65000
Croatia,Potatoes,2013,1113.0,1836.21,11.58,158785
Croatia,Sorghum,2013,1113.0,1836.21,11.58,50203
Croatia,Soybeans,2013,1113.0,1836.21,11.58,23606
Croatia,Wheat,2013,1113.0,1836.21,11.58,48846
Denmark,Maize,2013,703.0,4118.0,8.81,59141
Denmark,Potatoes,2013,703.0,4118.0,8.81,415732
Denmark,Wheat,2013,703.0,4118.0,8.81,72992
Dominican Republic,Cassava,2013,1410.0,6316.61,26.51,74585
Dominican Republic,Cassava,2013,1410.0,6316.61,26.88,74585
Dominican Republic,Maize,2013,1410.0,6316.61,26.51,15764
Dominican Republic,Maize,2013,1410.0,6316.61,26.88,15764
Dominican Republic,Plantains and others,2013,1410.0,6316.61,26.51,199939
Dominican Republic,Plantains and others,2013,1410.0,6316.61,26.88,199939
Dominican Republic,Potatoes,2013,1410.0,6316.61,26.51,256603
Dominican Republic,Potatoes,2013,1410.0,6316.61,26.88,256603
Dominican Republic,"Rice, paddy",2013,1410.0,6316.61,26.51,45123
Dominican Republic,"Rice, paddy",2013,1410.0,6316.61,26.88,45123
Dominican Republic,Sorghum,2013,1410.0,6316.61,26.51,15303
Dominican Republic,Sorghum,2013,1410.0,6316.61,26.88,15303
Dominican Republic,Sweet potatoes,2013,1410.0,6316.61,26.51,79812
Dominican Republic,Sweet potatoes,2013,1410.0,6316.61,26.88,79812
Dominican Republic,Yams,2013,1410.0,6316.61,26.51,63432
Dominican Republic,Yams,2013,1410.0,6316.61,26.88,63432
Ecuador,Cassava,2013,2274.0,6471.77,21.69,25112
Ecuador,Cassava,2013,2274.0,6471.77,17.28,25112
Ecuador,Cassava,2013,2274.0,6471.77,21.94,25112
Ecuador,Maize,2013,2274.0,6471.77,21.69,23702
Ecuador,Maize,2013,2274.0,6471.77,17.28,23702
Ecuador,Maize,2013,2274.0,6471.77,21.94,23702
Ecuador,Plantains and others,2013,2274.0,6471.77,21.69,49591
Ecuador,Plantains and others,2013,2274.0,6471.77,17.28,49591
Ecuador,Plantains and others,2013,2274.0,6471.77,21.94,49591
Ecuador,Potatoes,2013,2274.0,6471.77,21.69,73131
Ecuador,Potatoes,2013,2274.0,6471.77,17.28,73131
Ecuador,Potatoes,2013,2274.0,6471.77,21.94,73131
Ecuador,"Rice, paddy",2013,2274.0,6471.77,21.69,38210
Ecuador,"Rice, paddy",2013,2274.0,6471.77,17.28,38210
Ecuador,"Rice, paddy",2013,2274.0,6471.77,21.94,38210
Ecuador,Sorghum,2013,2274.0,6471.77,21.69,15608
Ecuador,Sorghum,2013,2274.0,6471.77,17.28,15608
Ecuador,Sorghum,2013,2274.0,6471.77,21.94,15608
Ecuador,Soybeans,2013,2274.0,6471.77,21.69,16585
Ecuador,Soybeans,2013,2274.0,6471.77,17.28,16585
Ecuador,Soybeans,2013,2274.0,6471.77,21.94,16585
Ecuador,Sweet potatoes,2013,2274.0,6471.77,21.69,19113
Ecuador,Sweet potatoes,2013,2274.0,6471.77,17.28,19113
Ecuador,Sweet potatoes,2013,2274.0,6471.77,21.94,19113
Ecuador,Wheat,2013,2274.0,6471.77,21.69,7064
Ecuador,Wheat,2013,2274.0,6471.77,17.28,7064
Ecuador,Wheat,2013,2274.0,6471.77,21.94,7064
Egypt,Maize,2013,51.0,13653.0,21.44,77223
Egypt,Maize,2013,51.0,13653.0,22.91,77223
Egypt,Potatoes,2013,51.0,13653.0,21.44,266276
Egypt,Potatoes,2013,51.0,13653.0,22.91,266276
Egypt,"Rice, paddy",2013,51.0,13653.0,21.44,95865
Egypt,"Rice, paddy",2013,51.0,13653.0,22.91,95865
Egypt,Sorghum,2013,51.0,13653.0,21.44,53777
Egypt,Sorghum,2013,51.0,13653.0,22.91,53777
Egypt,Soybeans,2013,51.0,13653.0,21.44,34767
Egypt,Soybeans,2013,51.0,13653.0,22.91,34767
Egypt,Sweet potatoes,2013,51.0,13653.0,21.44,336781
Egypt,Sweet potatoes,2013,51.0,13653.0,22.91,336781
Egypt,Wheat,2013,51.0,13653.0,21.44,66682
Egypt,Wheat,2013,51.0,13653.0,22.91,66682
El Salvador,Cassava,2013,1784.0,6005.08,26.36,154928
El Salvador,Maize,2013,1784.0,6005.08,26.36,29461
El Salvador,Plantains and others,2013,1784.0,6005.08,26.36,153680
El Salvador,Potatoes,2013,1784.0,6005.08,26.36,426047
El Salvador,"Rice, paddy",2013,1784.0,6005.08,26.36,61615
El Salvador,Sorghum,2013,1784.0,6005.08,26.36,16633
El Salvador,Soybeans,2013,1784.0,6005.08,26.36,19231
El Salvador,Sweet potatoes,2013,1784.0,6005.08,26.36,58333
Eritrea,Maize,2013,383.0,27.63,25.87,10000
Eritrea,Potatoes,2013,383.0,27.63,25.87,12819
Eritrea,Sorghum,2013,383.0,27.63,25.87,1200
Eritrea,Wheat,2013,383.0,27.63,25.87,12000
Estonia,Potatoes,2013,626.0,567.0,7.28,193558
Estonia,Wheat,2013,626.0,567.0,7.28,32754
Finland,Potatoes,2013,536.0,1475.39,6.17,281312
Finland,Wheat,2013,536.0,1475.39,6.17,38215
France,Maize,2013,867.0,66497.29,11.01,81592
France,Potatoes,2013,867.0,66497.29,11.01,431560
France,"Rice, paddy",2013,867.0,66497.29,11.01,39400
France,Sorghum,2013,867.0,66497.29,11.01,54344
France,Soybeans,2013,867.0,66497.29,11.01,25599
France,Wheat,2013,867.0,66497.29,11.01,72656
Germany,Maize,2013,700.0,43756.1,10.12,88276
Germany,Maize,2013,700.0,43756.1,9.17,88276
Germany,Maize,2013,700.0,43756.1,6.0,88276
Germany,Potatoes,2013,700.0,43756.1,10.12,398258
Germany,Potatoes,2013,700.0,43756.1,9.17,398258
Germany,Potatoes,2013,700.0,43756.1,6.0,398258
Germany,Soybeans,2013,700.0,43756.1,10.12,20000
Germany,Soybeans,2013,700.0,43756.1,9.17,20000
Germany,Soybeans,2013,700.0,43756.1,6.0,20000
Germany,Wheat,2013,700.0,43756.1,10.12,79979
Germany,Wheat,2013,700.0,43756.1,9.17,79979
Germany,Wheat,2013,700.0,43756.1,6.0,79979
Ghana,Cassava,2013,1187.0,378.97,27.24,182704
Ghana,Maize,2013,1187.0,378.97,27.24,17240
Ghana,Plantains and others,2013,1187.0,378.97,27.24,108397
Ghana,"Rice, paddy",2013,1187.0,378.97,27.24,26378
Ghana,Sorghum,2013,1187.0,378.97,27.24,11369
Ghana,Sweet potatoes,2013,1187.0,378.97,27.24,18243
Ghana,Yams,2013,1187.0,378.97,27.24,167820
Greece,Maize,2013,652.0,8081.72,19.36,106689
Greece,Potatoes,2013,652.0,8081.72,19.36,206787
Greece,"Rice, paddy",2013,652.0,8081.72,19.36,83964
Greece,Sorghum,2013,652.0,8081.72,19.36,26357
Greece,Soybeans,2013,652.0,8081.72,19.36,27376
Greece,Sweet potatoes,2013,652.0,8081.72,19.36,221642
Greece,Wheat,2013,652.0,8081.72,19.36,27777
Guatemala,Cassava,2013,1996.0,20489.4,20.37,12450
Guatemala,Maize,2013,1996.0,20489.4,20.37,20827
Guatemala,Plantains and others,2013,1996.0,20489.4,20.37,179551
Guatemala,Potatoes,2013,1996.0,20489.4,20.37,247554
Guatemala,"Rice, paddy",2013,1996.0,20489.4,20.37,29387
Guatemala,Sorghum,2013,1996.0,20489.4,20.37,17290
Guatemala,Soybeans,2013,1996.0,20489.4,20.37,25333
Guatemala,Sweet potatoes,2013,1996.0,20489.4,20.37,63636
Guatemala,Wheat,2013,1996.0,20489.4,20.37,20240
Guinea,Cassava,2013,1651.0,877.19,27.29,69000
Guinea,Maize,2013,1651.0,877.19,27.29,12500
Guinea,Plantains and others,2013,1651.0,877.19,27.29,52200
Guinea,Potatoes,2013,1651.0,877.19,27.29,75236
Guinea,"Rice, paddy",2013,1651.0,877.19,27.29,12500
Guinea,Sorghum,2013,1651.0,877.19,27.29,9592
Guinea,Sweet potatoes,2013,1651.0,877.19,27.29,34607
Guinea,Yams,2013,1651.0,877.19,27.29,113722
Guyana,Cassava,2013,2387.0,358.72,27.3,109286
Guyana,Maize,2013,2387.0,358.72,27.3,13841
Guyana,Plantains and others,2013,2387.0,358.72,27.3,33143
Guyana,"Rice, paddy",2013,2387.0,358.72,27.3,49996
Guyana,Sweet potatoes,2013,2387.0,358.72,27.3,254655
Guyana,Yams,2013,2387.0,358.72,27.3,55067
Haiti,Cassava,2013,1440.0,27.85,27.2,44678
Haiti,Maize,2013,1440.0,27.85,27.2,8545
Haiti,Plantains and others,2013,1440.0,27.85,27.2,51436
Haiti,Potatoes,2013,1440.0,27.85,27.2,127142
Haiti,"Rice, paddy",2013,1440.0,27.85,27.2,28789
Haiti,Sorghum,2013,1440.0,27.85,27.2,8529
Haiti,Sweet potatoes,2013,1440.0,27.85,27.2,90938
Haiti,Yams,2013,1440.0,27.85,27.2,110560
Honduras,Cassava,2013,1976.0,7194.91,24.86,76637
Honduras,Maize,2013,1976.0,7194.91,24.86,16214
Honduras,Plantains and others,2013,1976.0,7194.91,24.86,121433
Honduras,Potatoes,2013,1976.0,7194.91,24.86,163465
Honduras,"Rice, paddy",2013,1976.0,7194.91,24.86,61214
Honduras,Sorghum,2013,1976.0,7194.91,24.86,11980
Honduras,Soybeans,2013,1976.0,7194.91,24.86,20950
Honduras,Sweet potatoes,2013,1976.0,7194.91,24.86,62500
Honduras,Wheat,2013,1976.0,7194.91,24.86,5528
Hungary,Maize,2013,589.0,7744.5,12.44,54373
Hungary,Potatoes,2013,589.0,7744.5,12.44,232630
Hungary,"Rice, paddy",2013,589.0,7744.5,12.44,32727
Hungary,Sorghum,2013,589.0,7744.5,12.44,27111
Hungary,Soybeans,2013,589.0,7744.5,12.44,18597
Hungary,Wheat,2013,589.0,7744.5,12.44,46386
India,Cassava,2013,1083.0,45620.0,26.69,349594
India,Cassava,2013,1083.0,45620.0,27.61,349594
India,Cassava,2013,1083.0,45620.0,27.1,349594
India,Cassava,2013,1083.0,45620.0,25.44,349594
India,Cassava,2013,1083.0,45620.0,26.61,349594
India,Cassava,2013,1083.0,45620.0,26.37,349594
India,Cassava,2013,1083.0,45620.0,26.71,349594
India,Cassava,2013,1083.0,45620.0,27.37,349594
India,Cassava,2013,1083.0,45620.0,28.85,349594
India,Cassava,2013,1083.0,45620.0,25.94,349594
India,Cassava,2013,1083.0,45620.0,26.84,349594
India,Cassava,2013,1083.0,45620.0,26.12,349594
India,Cassava,2013,1083.0,45620.0,25.44,349594
India,Cassava,2013,1083.0,45620.0,27.11,349594
India,Cassava,2013,1083.0,45620.0,26.71,349594
India,Cassava,2013,1083.0,45620.0,26.79,349594
India,Cassava,2013,1083.0,45620.0,25.85,349594
India,Cassava,2013,1083.0,45620.0,27.14,349594
India,Cassava,2013,1083.0,45620.0,25.98,349594
India,Cassava,2013,1083.0,45620.0,27.44,349594
India,Cassava,2013,1083.0,45620.0,27.44,349594
India,Cassava,2013,1083.0,45620.0,26.99,349594
India,Maize,2013,1083.0,45620.0,26.69,25726
India,Maize,2013,1083.0,45620.0,27.61,25726
India,Maize,2013,1083.0,45620.0,27.1,25726
India,Maize,2013,1083.0,45620.0,25.44,25726
India,Maize,2013,1083.0,45620.0,26.61,25726
India,Maize,2013,1083.0,45620.0,26.37,25726
India,Maize,2013,1083.0,45620.0,26.71,25726
India,Maize,2013,1083.0,45620.0,27.37,25726
India,Maize,2013,1083.0,45620.0,28.85,25726
India,Maize,2013,1083.0,45620.0,25.94,25726
India,Maize,2013,1083.0,45620.0,26.84,25726
India,Maize,2013,1083.0,45620.0,26.12,25726
India,Maize,2013,1083.0,45620.0,25.44,25726
India,Maize,2013,1083.0,45620.0,27.11,25726
India,Maize,2013,1083.0,45620.0,26.71,25726
India,Maize,2013,1083.0,45620.0,26.79,25726
India,Maize,2013,1083.0,45620.0,25.85,25726
India,Maize,2013,1083.0,45620.0,27.14,25726
India,Maize,2013,1083.0,45620.0,25.98,25726
India,Maize,2013,1083.0,45620.0,27.44,25726
India,Maize,2013,1083.0,45620.0,27.44,25726
India,Maize,2013,1083.0,45620.0,26.99,25726
India,Potatoes,2013,1083.0,45620.0,26.69,227606
India,Potatoes,2013,1083.0,45620.0,27.61,227606
India,Potatoes,2013,1083.0,45620.0,27.1,227606
India,Potatoes,2013,1083.0,45620.0,25.44,227606
India,Potatoes,2013,1083.0,45620.0,26.61,227606
India,Potatoes,2013,1083.0,45620.0,26.37,227606
India,Potatoes,2013,1083.0,45620.0,26.71,227606
India,Potatoes,2013,1083.0,45620.0,27.37,227606
India,Potatoes,2013,1083.0,45620.0,28.85,227606
India,Potatoes,2013,1083.0,45620.0,25.94,227606
India,Potatoes,2013,1083.0,45620.0,26.84,227606
India,Potatoes,2013,1083.0,45620.0,26.12,227606
India,Potatoes,2013,1083.0,45620.0,25.44,227606
India,Potatoes,2013,1083.0,45620.0,27.11,227606
India,Potatoes,2013,1083.0,45620.0,26.71,227606
India,Potatoes,2013,1083.0,45620.0,26.79,227606
India,Potatoes,2013,1083.0,45620.0,25.85,227606
India,Potatoes,2013,1083.0,45620.0,27.14,227606
India,Potatoes,2013,1083.0,45620.0,25.98,227606
India,Potatoes,2013,1083.0,45620.0,27.44,227606
India,Potatoes,2013,1083.0,45620.0,27.44,227606
India,Potatoes,2013,1083.0,45620.0,26.99,227606
India,"Rice, paddy",2013,1083.0,45620.0,26.69,36070
India,"Rice, paddy",2013,1083.0,45620.0,27.61,36070
India,"Rice, paddy",2013,1083.0,45620.0,27.1,36070
India,"Rice, paddy",2013,1083.0,45620.0,25.44,36070
India,"Rice, paddy",2013,1083.0,45620.0,26.61,36070
India,"Rice, paddy",2013,1083.0,45620.0,26.37,36070
India,"Rice, paddy",2013,1083.0,45620.0,26.71,36070
India,"Rice, paddy",2013,1083.0,45620.0,27.37,36070
India,"Rice, paddy",2013,1083.0,45620.0,28.85,36070
India,"Rice, paddy",2013,1083.0,45620.0,25.94,36070
India,"Rice, paddy",2013,1083.0,45620.0,26.84,36070
India,"Rice, paddy",2013,1083.0,45620.0,26.12,36070
India,"Rice, paddy",2013,1083.0,45620.0,25.44,36070
India,"Rice, paddy",2013,1083.0,45620.0,27.11,36070
India,"Rice, paddy",2013,1083.0,45620.0,26.71,36070
India,"Rice, paddy",2013,1083.0,45620.0,26.79,36070
India,"Rice, paddy",2013,1083.0,45620.0,25.85,36070
India,"Rice, paddy",2013,1083.0,45620.0,27.14,36070
India,"Rice, paddy",2013,1083.0,45620.0,25.98,36070
India,"Rice, paddy",2013,1083.0,45620.0,27.44,36070
India,"Rice, paddy",2013,1083.0,45620.0,27.44,36070
India,"Rice, paddy",2013,1083.0,45620.0,26.99,36070
India,Sorghum,2013,1083.0,45620.0,26.69,8502
India,Sorghum,2013,1083.0,45620.0,27.61,8502
India,Sorghum,2013,1083.0,45620.0,27.1,8502
India,Sorghum,2013,1083.0,45620.0,25.44,8502
India,Sorghum,2013,1083.0,45620.0,26.61,8502
India,Sorghum,2013,1083.0,45620.0,26.37,8502
India,Sorghum,2013,1083.0,45620.0,26.71,8502
India,Sorghum,2013,1083.0,45620.0,27.37,8502
India,Sorghum,2013,1083.0,45620.0,28.85,8502
India,Sorghum,2013,1083.0,45620.0,25.94,8502
India,Sorghum,2013,1083.0,45620.0,26.84,8502
India,Sorghum,2013,1083.0,45620.0,26.12,8502
India,Sorghum,2013,1083.0,45620.0,25.44,8502
India,Sorghum,2013,1083.0,45620.0,27.11,8502
India,Sorghum,2013,1083.0,45620.0,26.71,8502
India,Sorghum,2013,1083.0,45620.0,26.79,8502
India,Sorghum,2013,1083.0,45620.0,25.85,8502
India,Sorghum,2013,1083.0,45620.0,27.14,8502
India,Sorghum,2013,1083.0,45620.0,25.98,8502
India,Sorghum,2013,1083.0,45620.0,27.44,8502
India,Sorghum,2013,1083.0,45620.0,27.44,8502
India,Sorghum,2013,1083.0,45620.0,26.99,8502
India,Soybeans,2013,1083.0,45620.0,26.69,10123
India,Soybeans,2013,1083.0,45620.0,27.61,10123
India,Soybeans,2013,1083.0,45620.0,27.1,10123
India,Soybeans,2013,1083.0,45620.0,25.44,10123
India,Soybeans,2013,1083.0,45620.0,26.61,10123
India,Soybeans,2013,1083.0,45620.0,26.37,10123
India,Soybeans,2013,1083.0,45620.0,26.71,10123
India,Soybeans,2013,1083.0,45620.0,27.37,10123
India,Soybeans,2013,1083.0,45620.0,28.85,10123
India,Soybeans,2013,1083.0,45620.0,25.94,10123
India,Soybeans,2013,1083.0,45620.0,26.84,10123
India,Soybeans,2013,1083.0,45620.0,26.12,10123
India,Soybeans,2013,1083.0,45620.0,25.44,10123
India,Soybeans,2013,1083.0,45620.0,27.11,10123
India,Soybeans,2013,1083.0,45620.0,26.71,10123
India,Soybeans,2013,1083.0,45620.0,26.79,10123
India,Soybeans,2013,1083.0,45620.0,25.85,10123
India,Soybeans,2013,1083.0,45620.0,27.14,10123
India,Soybeans,2013,1083.0,45620.0,25.98,10123
India,Soybeans,2013,1083.0,45620.0,27.44,10123
India,Soybeans,2013,1083.0,45620.0,27.44,10123
India,Soybeans,2013,1083.0,45620.0,26.99,10123
India,Sweet potatoes,2013,1083.0,45620.0,26.69,101288
India,Sweet potatoes,2013,1083.0,45620.0,27.61,101288
India,Sweet potatoes,2013,1083.0,45620.0,27.1,101288
India,Sweet potatoes,2013,1083.0,45620.0,25.44,101288
India,Sweet potatoes,2013,1083.0,45620.0,26.61,101288
India,Sweet potatoes,2013,1083.0,45620.0,26.37,101288
India,Sweet potatoes,2013,1083.0,45620.0,26.71,101288
India,Sweet potatoes,2013,1083.0,45620.0,27.37,101288
India,Sweet potatoes,2013,1083.0,45620.0,28.85,101288
India,Sweet potatoes,2013,1083.0,45620.0,25.94,101288
India,Sweet potatoes,2013,1083.0,45620.0,26.84,101288
India,Sweet potatoes,2013,1083.0,45620.0,26.12,101288
India,Sweet potatoes,2013,1083.0,45620.0,25.44,101288
India,Sweet potatoes,2013,1083.0,45620.0,27.11,101288
India,Sweet potatoes,2013,1083.0,45620.0,26.71,101288
India,Sweet potatoes,2013,1083.0,45620.0,26.79,101288
India,Sweet potatoes,2013,1083.0,45620.0,25.85,101288
India,Sweet potatoes,2013,1083.0,45620.0,27.14,101288
India,Sweet potatoes,2013,1083.0,45620.0,25.98,101288
India,Sweet potatoes,2013,1083.0,45620.0,27.44,101288
India,Sweet potatoes,2013,1083.0,45620.0,27.44,101288
India,Sweet potatoes,2013,1083.0,45620.0,26.99,101288
India,Wheat,2013,1083.0,45620.0,26.69,31538
India,Wheat,2013,1083.0,45620.0,27.61,31538
India,Wheat,2013,1083.0,45620.0,27.1,31538
India,Wheat,2013,1083.0,45620.0,25.44,31538
India,Wheat,2013,1083.0,45620.0,26.61,31538
India,Wheat,2013,1083.0,45620.0,26.37,31538
India,Wheat,2013,1083.0,45620.0,26.71,31538
India,Wheat,2013,1083.0,45620.0,27.37,31538
India,Wheat,2013,1083.0,45620.0,28.85,31538
India,Wheat,2013,1083.0,45620.0,25.94,31538
India,Wheat,2013,1083.0,45620.0,26.84,31538
India,Wheat,2013,1083.0,45620.0,26.12,31538
India,Wheat,2013,1083.0,45620.0,25.44,31538
India,Wheat,2013,1083.0,45620.0,27.11,31538
India,Wheat,2013,1083.0,45620.0,26.71,31538
India,Wheat,2013,1083.0,45620.0,26.79,31538
India,Wheat,2013,1083.0,45620.0,25.85,31538
India,Wheat,2013,1083.0,45620.0,27.14,31538
India,Wheat,2013,1083.0,45620.0,25.98,31538
India,Wheat,2013,1083.0,45620.0,27.44,31538
India,Wheat,2013,1083.0,45620.0,27.44,31538
India,Wheat,2013,1083.0,45620.0,26.99,31538
Indonesia,Cassava,2013,2702.0,1597.0,25.48,224601
Indonesia,Cassava,2013,2702.0,1597.0,27.37,224601
Indonesia,Cassava,2013,2702.0,1597.0,27.88,224601
Indonesia,Cassava,2013,2702.0,1597.0,27.34,224601
Indonesia,Cassava,2013,2702.0,1597.0,26.72,224601
Indonesia,Cassava,2013,2702.0,1597.0,27.3,224601
Indonesia,Maize,2013,2702.0,1597.0,25.48,48441
Indonesia,Maize,2013,2702.0,1597.0,27.37,48441
Indonesia,Maize,2013,2702.0,1597.0,27.88,48441
Indonesia,Maize,2013,2702.0,1597.0,27.34,48441
Indonesia,Maize,2013,2702.0,1597.0,26.72,48441
Indonesia,Maize,2013,2702.0,1597.0,27.3,48441
Indonesia,Potatoes,2013,2702.0,1597.0,25.48,160184
Indonesia,Potatoes,2013,2702.0,1597.0,27.37,160184
Indonesia,Potatoes,2013,2702.0,1597.0,27.88,160184
Indonesia,Potatoes,2013,2702.0,1597.0,27.34,160184
Indonesia,Potatoes,2013,2702.0,1597.0,26.72,160184
Indonesia,Potatoes,2013,2702.0,1597.0,27.3,160184
Indonesia,"Rice, paddy",2013,2702.0,1597.0,25.48,51520
Indonesia,"Rice, paddy",2013,2702.0,1597.0,27.37,51520
Indonesia,"Rice, paddy",2013,2702.0,1597.0,27.88,51520
Indonesia,"Rice, paddy",2013,2702.0,1597.0,27.34,51520
Indonesia,"Rice, paddy",2013,2702.0,1597.0,26.72,51520
Indonesia,"Rice, paddy",2013,2702.0,1597.0,27.3,51520
Indonesia,Soybeans,2013,2702.0,1597.0,25.48,14161
Indonesia,Soybeans,2013,2702.0,1597.0,27.37,14161
Indonesia,Soybeans,2013,2702.0,1597.0,27.88,14161
Indonesia,Soybeans,2013,2702.0,1597.0,27.34,14161
Indonesia,Soybeans,2013,2702.0,1597.0,26.72,14161
Indonesia,Soybeans,2013,2702.0,1597.0,27.3,14161
Indonesia,Sweet potatoes,2013,2702.0,1597.0,25.48,147465
Indonesia,Sweet potatoes,2013,2702.0,1597.0,27.37,147465
Indonesia,Sweet potatoes,2013,2702.0,1597.0,27.88,147465
Indonesia,Sweet potatoes,2013,2702.0,1597.0,27.34,147465
Indonesia,Sweet potatoes,2013,2702.0,1597.0,26.72,147465
Indonesia,Sweet potatoes,2013,2702.0,1597.0,27.3,147465
Iraq,Maize,2013,216.0,2162.6,25.14,42214
Iraq,Maize,2013,216.0,2162.6,21.77,42214
Iraq,Potatoes,2013,216.0,2162.6,25.14,170599
Iraq,Potatoes,2013,216.0,2162.6,21.77,170599
Iraq,"Rice, paddy",2013,216.0,2162.6,25.14,47162
Iraq,"Rice, paddy",2013,216.0,2162.6,21.77,47162
Iraq,Sorghum,2013,216.0,2162.6,25.14,19215
Iraq,Sorghum,2013,216.0,2162.6,21.77,19215
Iraq,Soybeans,2013,216.0,2162.6,25.14,8163
Iraq,Soybeans,2013,216.0,2162.6,21.77,8163
Iraq,Wheat,2013,216.0,2162.6,25.14,23068
Iraq,Wheat,2013,216.0,2162.6,21.77,23068
Ireland,Potatoes,2013,1118.0,2950.8,9.28,383271
Ireland,Wheat,2013,1118.0,2950.8,9.28,89983
Italy,Maize,2013,832.0,55633.0,8.04,86989
Italy,Maize,2013,832.0,55633.0,13.6,86989
Italy,Potatoes,2013,832.0,55633.0,8.04,252483
Italy,Potatoes,2013,832.0,55633.0,13.6,252483
Italy,"Rice, paddy",2013,832.0,55633.0,8.04,66342
Italy,"Rice, paddy",2013,832.0,55633.0,13.6,66342
Italy,Sorghum,2013,832.0,55633.0,8.04,62061
Italy,Sorghum,2013,832.0,55633.0,13.6,62061
Italy,Soybeans,2013,832.0,55633.0,8.04,33906
Italy,Soybeans,2013,832.0,55633.0,13.6,33906
Italy,Sweet potatoes,2013,832.0,55633.0,8.04,227753
Italy,Sweet potatoes,2013,832.0,55633.0,13.6,227753
Italy,Wheat,2013,832.0,55633.0,8.04,38441
Italy,Wheat,2013,832.0,55633.0,13.6,38441
Jamaica,Cassava,2013,2051.0,909.71,27.41,187795
Jamaica,Maize,2013,2051.0,909.71,27.41,11883
Jamaica,Plantains and others,2013,2051.0,909.71,27.41,184149
Jamaica,Potatoes,2013,2051.0,909.71,27.41,165914
Jamaica,"Rice, paddy",2013,2051.0,909.71,27.41,42000
Jamaica,Sweet potatoes,2013,2051.0,909.71,27.41,172683
Jamaica,Yams,2013,2051.0,909.71,27.41,165476
Japan,Maize,2013,1668.0,52794.3,16.54,27273
Japan,Maize,2013,1668.0,52794.3,13.91,27273
Japan,Maize,2013,1668.0,52794.3,16.3,27273
Japan,Maize,2013,1668.0,52794.3,16.0,27273
Japan,Maize,2013,1668.0,52794.3,16.02,27273
Japan,Maize,2013,1668.0,52794.3,13.91,27273
Japan,Potatoes,2013,1668.0,52794.3,16.54,302133
Japan,Potatoes,2013,1668.0,52794.3,13.91,302133
Japan,Potatoes,2013,1668.0,52794.3,16.3,302133
Japan,Potatoes,2013,1668.0,52794.3,16.0,302133
Japan,Potatoes,2013,1668.0,52794.3,16.02,302133
Japan,Potatoes,2013,1668.0,52794.3,13.91,302133
Japan,"Rice, paddy",2013,1668.0,52794.3,16.54,67280
Japan,"Rice, paddy",2013,1668.0,52794.3,13.91,67280
Japan,"Rice, paddy",2013,1668.0,52794.3,16.3,67280
Japan,"Rice, paddy",2013,1668.0,52794.3,16.0,67280
Japan,"Rice, paddy",2013,1668.0,52794.3,16.02,67280
Japan,"Rice, paddy",2013,1668.0,52794.3,13.91,67280
Japan,Soybeans,2013,1668.0,52794.3,16.54,15520
Japan,Soybeans,2013,1668.0,52794.3,13.91,15520
Japan,Soybeans,2013,1668.0,52794.3,16.3,15520
Japan,Soybeans,2013,1668.0,52794.3,16.0,15520
Japan,Soybeans,2013,1668.0,52794.3,16.02,15520
Japan,Soybeans,2013,1668.0,52794.3,13.91,15520
Japan,Sweet potatoes,2013,1668.0,52794.3,16.54,244119
Japan,Sweet potatoes,2013,1668.0,52794.3,13.91,244119
Japan,Sweet potatoes,2013,1668.0,52794.3,16.3,244119
Japan,Sweet potatoes,2013,1668.0,52794.3,16.0,244119
Japan,Sweet potatoes,2013,1668.0,52794.3,16.02,244119
Japan,Sweet potatoes,2013,1668.0,52794.3,13.91,244119
Japan,Wheat,2013,1668.0,52794.3,16.54,38616
Japan,Wheat,2013,1668.0,52794.3,13.91,38616
Japan,Wheat,2013,1668.0,52794.3,16.3,38616
Japan,Wheat,2013,1668.0,52794.3,16.0,38616
Japan,Wheat,2013,1668.0,52794.3,16.02,38616
Japan,Wheat,2013,1668.0,52794.3,13.91,38616
Japan,Yams,2013,1668.0,52794.3,16.54,217415
Japan,Yams,2013,1668.0,52794.3,13.91,217415
Japan,Yams,2013,1668.0,52794.3,16.3,217415
Japan,Yams,2013,1668.0,52794.3,16.0,217415
Japan,Yams,2013,1668.0,52794.3,16.02,217415
Japan,Yams,2013,1668.0,52794.3,13.91,217415
Kazakhstan,Maize,2013,250.0,8738.38,8.71,52779
Kazakhstan,Maize,2013,250.0,8738.38,5.49,52779
Kazakhstan,Potatoes,2013,250.0,8738.38,8.71,181522
Kazakhstan,Potatoes,2013,250.0,8738.38,5.49,181522
Kazakhstan,"Rice, paddy",2013,250.0,8738.38,8.71,38500
Kazakhstan,"Rice, paddy",2013,250.0,8738.38,5.49,38500
Kazakhstan,Sorghum,2013,250.0,8738.38,8.71,2258
Kazakhstan,Sorghum,2013,250.0,8738.38,5.49,2258
Kazakhstan,Soybeans,2013,250.0,8738.38,8.71,19727
Kazakhstan,Soybeans,2013,250.0,8738.38,5.49,19727
Kazakhstan,Wheat,2013,250.0,8738.38,8.71,10762
Kazakhstan,Wheat,2013,250.0,8738.38,5.49,10762
Kenya,Cassava,2013,630.0,1578.0,16.91,142470
Kenya,Maize,2013,630.0,1578.0,16.91,16922
Kenya,Plantains and others,2013,630.0,1578.0,16.91,119231
Kenya,Potatoes,2013,630.0,1578.0,16.91,144262
Kenya,"Rice, paddy",2013,630.0,1578.0,16.91,39955
Kenya,Sorghum,2013,630.0,1578.0,16.91,7550
Kenya,Soybeans,2013,630.0,1578.0,16.91,12231
Kenya,Sweet potatoes,2013,630.0,1578.0,16.91,124706
Kenya,Wheat,2013,630.0,1578.0,16.91,27602
Kenya,Yams,2013,630.0,1578.0,16.91,135962
Latvia,Potatoes,2013,641.0,1250.0,7.25,181648
Latvia,Wheat,2013,641.0,1250.0,7.25,38857
Lebanon,Maize,2013,661.0,1816.0,20.08,35621
Lebanon,Potatoes,2013,661.0,1816.0,20.08,260759
Lebanon,Sorghum,2013,661.0,1816.0,20.08,20000
Lebanon,Wheat,2013,661.0,1816.0,20.08,32122
Lesotho,Maize,2013,788.0,62.32,14.03,8227
Lesotho,Potatoes,2013,788.0,62.32,14.03,173611
Lesotho,Sorghum,2013,788.0,62.32,14.03,3051
Lesotho,Wheat,2013,788.0,62.32,14.03,12345
Libya,Maize,2013,56.0,3548.0,19.93,20000
Libya,Maize,2013,56.0,3548.0,20.78,20000
Libya,Potatoes,2013,56.0,3548.0,19.93,196667
Libya,Potatoes,2013,56.0,3548.0,20.78,196667
Libya,Wheat,2013,56.0,3548.0,19.93,7955
Libya,Wheat,2013,56.0,3548.0,20.78,7955
Lithuania,Maize,2013,656.0,2515.69,7.42,73953
Lithuania,Potatoes,2013,656.0,2515.69,7.42,148606
Lithuania,Wheat,2013,656.0,2515.69,7.42,43022
Madagascar,Cassava,2013,1513.0,507.94,19.34,77707
Madagascar,Maize,2013,1513.0,507.94,19.34,16288
Madagascar,Potatoes,2013,1513.0,507.94,19.34,59375
Madagascar,"Rice, paddy",2013,1513.0,507.94,19.34,39449
Madagascar,Sorghum,2013,1513.0,507.94,19.34,5652
Madagascar,Soybeans,2013,1513.0,507.94,19.34,5867
Madagascar,Sweet potatoes,2013,1513.0,507.94,19.34,77058
Madagascar,Wheat,2013,1513.0,507.94,19.34,24122
Malawi,Cassava,2013,1181.0,1500.27,19.68,228041
Malawi,Maize,2013,1181.0,1500.27,19.68,21708
Malawi,Plantains and others,2013,1181.0,1500.27,19.68,100966
Malawi,Potatoes,2013,1181.0,1500.27,19.68,175414
Malawi,"Rice, paddy",2013,1181.0,1500.27,19.68,19174
Malawi,Sorghum,2013,1181.0,1500.27,19.68,9647
Malawi,Soybeans,2013,1181.0,1500.27,19.68,9791
Malawi,Wheat,2013,1181.0,1500.27,19.68,14058
Malaysia,Cassava,2013,2875.0,61445.6,27.8,155321
Malaysia,Maize,2013,2875.0,61445.6,27.8,88991
Malaysia,"Rice, paddy",2013,2875.0,61445.6,27.8,38763
Malaysia,Sweet potatoes,2013,2875.0,61445.6,27.8,166824
Mali,Cassava,2013,282.0,1.52,28.53,155621
Mali,Maize,2013,282.0,1.52,28.53,25927
Mali,Potatoes,2013,282.0,1.52,28.53,193555
Mali,"Rice, paddy",2013,282.0,1.52,28.53,30009
Mali,Sorghum,2013,282.0,1.52,28.53,11052
Mali,Soybeans,2013,282.0,1.52,28.53,7219
Mali,Sweet potatoes,2013,282.0,1.52,28.53,174581
Mali,Wheat,2013,282.0,1.52,28.53,39754
Mali,Yams,2013,282.0,1.52,28.53,206300
Mauritania,Maize,2013,92.0,26.41,28.24,4731
Mauritania,Potatoes,2013,92.0,26.41,28.24,62857
Mauritania,"Rice, paddy",2013,92.0,26.41,28.24,49522
Mauritania,Sorghum,2013,92.0,26.41,28.24,4843
Mauritania,Sweet potatoes,2013,92.0,26.41,28.24,10000
Mauritania,Wheat,2013,92.0,26.41,28.24,21172
Mauritania,Yams,2013,92.0,26.41,28.24,61224
Mauritius,Cassava,2013,2041.0,671.77,24.31,137027
Mauritius,Maize,2013,2041.0,671.77,24.31,67957
Mauritius,Potatoes,2013,2041.0,671.77,24.31,236026
Mauritius,"Rice, paddy",2013,2041.0,671.77,24.31,21250
Mauritius,Sweet potatoes,2013,2041.0,671.77,24.31,133049
Mexico,Cassava,2013,758.0,59920.18,17.34,146398
Mexico,Cassava,2013,758.0,59920.18,22.19,146398
Mexico,Cassava,2013,758.0,59920.18,25.36,146398
Mexico,Cassava,2013,758.0,59920.18,21.86,146398
Mexico,Cassava,2013,758.0,59920.18,24.19,146398
Mexico,Cassava,2013,758.0,59920.18,20.45,146398
Mexico,Cassava,2013,758.0,59920.18,17.18,146398
Mexico,Cassava,2013,758.0,59920.18,22.19,146398
Mexico,Maize,2013,758.0,59920.18,17.34,31941
Mexico,Maize,2013,758.0,59920.18,22.19,31941
Mexico,Maize,2013,758.0,59920.18,25.36,31941
Mexico,Maize,2013,758.0,59920.18,21.86,31941
Mexico,Maize,2013,758.0,59920.18,24.19,31941
Mexico,Maize,2013,758.0,59920.18,20.45,31941
Mexico,Maize,2013,758.0,59920.18,17.18,31941
Mexico,Maize,2013,758.0,59920.18,22.19,31941
Mexico,Potatoes,2013,758.0,59920.18,17.34,267752
Mexico,Potatoes,2013,758.0,59920.18,22.19,267752
Mexico,Potatoes,2013,758.0,59920.18,25.36,267752
Mexico,Potatoes,2013,758.0,59920.18,21.86,267752
Mexico,Potatoes,2013,758.0,59920.18,24.19,267752
Mexico,Potatoes,2013,758.0,59920.18,20.45,267752
Mexico,Potatoes,2013,758.0,59920.18,17.18,267752
Mexico,Potatoes,2013,758.0,59920.18,22.19,267752
Mexico,"Rice, paddy",2013,758.0,59920.18,17.34,54252
Mexico,"Rice, paddy",2013,758.0,59920.18,22.19,54252
Mexico,"Rice, paddy",2013,758.0,59920.18,25.36,54252
Mexico,"Rice, paddy",2013,758.0,59920.18,21.86,54252
Mexico,"Rice, paddy",2013,758.0,59920.18,24.19,54252
Mexico,"Rice, paddy",2013,758.0,59920.18,20.45,54252
Mexico,"Rice, paddy",2013,758.0,59920.18,17.18,54252
Mexico,"Rice, paddy",2013,758.0,59920.18,22.19,54252
Mexico,Sorghum,2013,758.0,59920.18,17.34,37350
Mexico,Sorghum,2013,758.0,59920.18,22.19,37350
Mexico,Sorghum,2013,758.0,59920.18,25.36,37350
Mexico,Sorghum,2013,758.0,59920.18,21.86,37350
Mexico,Sorghum,2013,758.0,59920.18,24.19,37350
Mexico,Sorghum,2013,758.0,59920.18,20.45,37350
Mexico,Sorghum,2013,758.0,59920.18,17.18,37350
Mexico,Sorghum,2013,758.0,59920.18,22.19,37350
Mexico,Soybeans,2013,758.0,59920.18,17.34,15198
Mexico,Soybeans,2013,758.0,59920.18,22.19,15198
Mexico,Soybeans,2013,758.0,59920.18,25.36,15198
Mexico,Soybeans,2013,758.0,59920.18,21.86,15198
Mexico,Soybeans,2013,758.0,59920.18,24.19,15198
Mexico,Soybeans,2013,758.0,59920.18,20.45,15198
Mexico,Soybeans,2013,758.0,59920.18,17.18,15198
Mexico,Soybeans,2013,758.0,59920.18,22.19,15198
Mexico,Sweet potatoes,2013,758.0,59920.18,17.34,183965
Mexico,Sweet potatoes,2013,758.0,59920.18,22.19,183965
Mexico,Sweet potatoes,2013,758.0,59920.18,25.36,183965
Mexico,Sweet potatoes,2013,758.0,59920.18,21.86,183965
Mexico,Sweet potatoes,2013,758.0,59920.18,24.19,183965
Mexico,Sweet potatoes,2013,758.0,59920.18,20.45,183965
Mexico,Sweet potatoes,2013,758.0,59920.18,17.18,183965
Mexico,Sweet potatoes,2013,758.0,59920.18,22.19,183965
Mexico,Wheat,2013,758.0,59920.18,17.34,52934
Mexico,Wheat,2013,758.0,59920.18,22.19,52934
Mexico,Wheat,2013,758.0,59920.18,25.36,52934
Mexico,Wheat,2013,758.0,59920.18,21.86,52934
Mexico,Wheat,2013,758.0,59920.18,24.19,52934
Mexico,Wheat,2013,758.0,59920.18,20.45,52934
Mexico,Wheat,2013,758.0,59920.18,17.18,52934
Mexico,Wheat,2013,758.0,59920.18,22.19,52934
Montenegro,Maize,2013,241.0,82.0,12.87,51775
Montenegro,Potatoes,2013,241.0,82.0,12.87,149004
Montenegro,Wheat,2013,241.0,82.0,12.87,34357
Morocco,Maize,2013,346.0,13697.0,18.79,6632
Morocco,Maize,2013,346.0,13697.0,18.62,6632
Morocco,Potatoes,2013,346.0,13697.0,18.79,363561
Morocco,Potatoes,2013,346.0,13697.0,18.62,363561
Morocco,"Rice, paddy",2013,346.0,13697.0,18.79,75433
Morocco,"Rice, paddy",2013,346.0,13697.0,18.62,75433
Morocco,Sorghum,2013,346.0,13697.0,18.79,10637
Morocco,Sorghum,2013,346.0,13697.0,18.62,10637
Morocco,Soybeans,2013,346.0,13697.0,18.79,10000
Morocco,Soybeans,2013,346.0,13697.0,18.62,10000
Morocco,Sweet potatoes,2013,346.0,13697.0,18.79,245134
Morocco,Sweet potatoes,2013,346.0,13697.0,18.62,245134
Morocco,Wheat,2013,346.0,13697.0,18.79,21640
Morocco,Wheat,2013,346.0,13697.0,18.62,21640
Mozambique,Cassava,2013,1032.0,766.93,21.37,46115
Mozambique,Maize,2013,1032.0,766.93,21.37,6814
Mozambique,Potatoes,2013,1032.0,766.93,21.37,135526
Mozambique,"Rice, paddy",2013,1032.0,766.93,21.37,2824
Mozambique,Sorghum,2013,1032.0,766.93,21.37,3572
Mozambique,Sweet potatoes,2013,1032.0,766.93,21.37,209796
Mozambique,Wheat,2013,1032.0,766.93,21.37,10951
Namibia,Maize,2013,285.0,56.0,20.73,18683
Namibia,Potatoes,2013,285.0,56.0,20.73,120727
Namibia,Sorghum,2013,285.0,56.0,20.73,2860
Namibia,Wheat,2013,285.0,56.0,20.73,62084
Nepal,Maize,2013,1500.0,454.53,15.79,23528
Nepal,Potatoes,2013,1500.0,454.53,15.79,136408
Nepal,"Rice, paddy",2013,1500.0,454.53,15.79,31709
Nepal,Soybeans,2013,1500.0,454.53,15.79,11719
Nepal,Wheat,2013,1500.0,454.53,15.79,22902
Netherlands,Maize,2013,778.0,10720.17,9.54,119446
Netherlands,Potatoes,2013,778.0,10720.17,9.54,422075
Netherlands,Wheat,2013,778.0,10720.17,9.54,87412
New Zealand,Maize,2013,1732.0,5086.0,13.57,108209
New Zealand,Potatoes,2013,1732.0,5086.0,13.57,482926
New Zealand,Sweet potatoes,2013,1732.0,5086.0,13.57,113617
New Zealand,Wheat,2013,1732.0,5086.0,13.57,91053
Nicaragua,Cassava,2013,2280.0,4413.82,27.26,78931
Nicaragua,Maize,2013,2280.0,4413.82,27.26,11809
Nicaragua,Plantains and others,2013,2280.0,4413.82,27.26,110413
Nicaragua,Potatoes,2013,2280.0,4413.82,27.26,170847
Nicaragua,"Rice, paddy",2013,2280.0,4413.82,27.26,49680
Nicaragua,Sorghum,2013,2280.0,4413.82,27.26,18259
Nicaragua,Soybeans,2013,2280.0,4413.82,27.26,21034
Nicaragua,Yams,2013,2280.0,4413.82,27.26,133333
Niger,Cassava,2013,151.0,21.37,30.42,199719
Niger,Maize,2013,151.0,21.37,30.42,12326
Niger,Potatoes,2013,151.0,21.37,30.42,256815
Niger,"Rice, paddy",2013,151.0,21.37,30.42,62834
Niger,Sorghum,2013,151.0,21.37,30.42,3703
Niger,Sweet potatoes,2013,151.0,21.37,30.42,211608
Niger,Wheat,2013,151.0,21.37,30.42,30090
Norway,Potatoes,2013,1414.0,761.97,3.5,251702
Norway,Wheat,2013,1414.0,761.97,3.5,38841
Pakistan,Maize,2013,494.0,0.92,25.95,42313
Pakistan,Maize,2013,494.0,0.92,24.27,42313
Pakistan,Maize,2013,494.0,0.92,27.9,42313
Pakistan,Maize,2013,494.0,0.92,24.27,42313
Pakistan,Maize,2013,494.0,0.92,27.21,42313
Pakistan,Maize,2013,494.0,0.92,25.95,42313
Pakistan,Maize,2013,494.0,0.92,27.38,42313
Pakistan,Maize,2013,494.0,0.92,19.98,42313
Pakistan,Maize,2013,494.0,0.92,24.27,42313
Pakistan,Potatoes,2013,494.0,0.92,25.95,218059
Pakistan,Potatoes,2013,494.0,0.92,24.27,218059
Pakistan,Potatoes,2013,494.0,0.92,27.9,218059
Pakistan,Potatoes,2013,494.0,0.92,24.27,218059
Pakistan,Potatoes,2013,494.0,0.92,27.21,218059
Pakistan,Potatoes,2013,494.0,0.92,25.95,218059
Pakistan,Potatoes,2013,494.0,0.92,27.38,218059
Pakistan,Potatoes,2013,494.0,0.92,19.98,218059
Pakistan,Potatoes,2013,494.0,0.92,24.27,218059
Pakistan,"Rice, paddy",2013,494.0,0.92,25.95,37528
Pakistan,"Rice, paddy",2013,494.0,0.92,24.27,37528
Pakistan,"Rice, paddy",2013,494.0,0.92,27.9,37528
Pakistan,"Rice, paddy",2013,494.0,0.92,24.27,37528
Pakistan,"Rice, paddy",2013,494.0,0.92,27.21,37528
Pakistan,"Rice, paddy",2013,494.0,0.92,25.95,37528
Pakistan,"Rice, paddy",2013,494.0,0.92,27.38,37528
Pakistan,"Rice, paddy",2013,494.0,0.92,19.98,37528
Pakistan,"Rice, paddy",2013,494.0,0.92,24.27,37528
Pakistan,Sorghum,2013,494.0,0.92,25.95,5987
Pakistan,Sorghum,2013,494.0,0.92,24.27,5987
Pakistan,Sorghum,2013,494.0,0.92,27.9,5987
Pakistan,Sorghum,2013,494.0,0.92,24.27,5987
Pakistan,Sorghum,2013,494.0,0.92,27.21,5987
Pakistan,Sorghum,2013,494.0,0.92,25.95,5987
Pakistan,Sorghum,2013,494.0,0.92,27.38,5987
Pakistan,Sorghum,2013,494.0,0.92,19.98,5987
Pakistan,Sorghum,2013,494.0,0.92,24.27,5987
Pakistan,Soybeans,2013,494.0,0.92,25.95,7222
Pakistan,Soybeans,2013,494.0,0.92,24.27,7222
Pakistan,Soybeans,2013,494.0,0.92,27.9,7222
Pakistan,Soybeans,2013,494.0,0.92,24.27,7222
Pakistan,Soybeans,2013,494.0,0.92,27.21,7222
Pakistan,Soybeans,2013,494.0,0.92,25.95,7222
Pakistan,Soybeans,2013,494.0,0.92,27.38,7222
Pakistan,Soybeans,2013,494.0,0.92,19.98,7222
Pakistan,Soybeans,2013,494.0,0.92,24.27,7222
Pakistan,Sweet potatoes,2013,494.0,0.92,25.95,88711
Pakistan,Sweet potatoes,2013,494.0,0.92,24.27,88711
Pakistan,Sweet potatoes,2013,494.0,0.92,27.9,88711
Pakistan,Sweet potatoes,2013,494.0,0.92,24.27,88711
Pakistan,Sweet potatoes,2013,494.0,0.92,27.21,88711
Pakistan,Sweet potatoes,2013,494.0,0.92,25.95,88711
Pakistan,Sweet potatoes,2013,494.0,0.92,27.38,88711
Pakistan,Sweet potatoes,2013,494.0,0.92,19.98,88711
Pakistan,Sweet potatoes,2013,494.0,0.92,24.27,88711
Pakistan,Wheat,2013,494.0,0.92,25.95,27957
Pakistan,Wheat,2013,494.0,0.92,24.27,27957
Pakistan,Wheat,2013,494.0,0.92,27.9,27957
Pakistan,Wheat,2013,494.0,0.92,24.27,27957
Pakistan,Wheat,2013,494.0,0.92,27.21,27957
Pakistan,Wheat,2013,494.0,0.92,25.95,27957
Pakistan,Wheat,2013,494.0,0.92,27.38,27957
Pakistan,Wheat,2013,494.0,0.92,19.98,27957
Pakistan,Wheat,2013,494.0,0.92,24.27,27957
Papua New Guinea,Cassava,2013,3142.0,105.0,25.44,98663
Papua New Guinea,Maize,2013,3142.0,105.0,25.44,54545
Papua New Guinea,Potatoes,2013,3142.0,105.0,25.44,61538
Papua New Guinea,"Rice, paddy",2013,3142.0,105.0,25.44,20549
Papua New Guinea,Sorghum,2013,3142.0,105.0,25.44,39020
Papua New Guinea,Sweet potatoes,2013,3142.0,105.0,25.44,50887
Papua New Guinea,Yams,2013,3142.0,105.0,25.44,175000
Peru,Cassava,2013,1738.0,17942.97,17.0,121025
Peru,Maize,2013,1738.0,17942.97,17.0,32686
Peru,Plantains and others,2013,1738.0,17942.97,17.0,128177
Peru,Potatoes,2013,1738.0,17942.97,17.0,144125
Peru,"Rice, paddy",2013,1738.0,17942.97,17.0,77112
Peru,Sorghum,2013,1738.0,17942.97,17.0,38171
Peru,Soybeans,2013,1738.0,17942.97,17.0,17893
Peru,Sweet potatoes,2013,1738.0,17942.97,17.0,183363
Peru,Wheat,2013,1738.0,17942.97,17.0,14976
Poland,Maize,2013,600.0,22204.46,9.32,65761
Poland,Potatoes,2013,600.0,22204.46,9.32,210624
Poland,Wheat,2013,600.0,22204.46,9.32,44367
Portugal,Maize,2013,854.0,10126.8,16.77,83149
Portugal,Potatoes,2013,854.0,10126.8,16.77,182243
Portugal,"Rice, paddy",2013,854.0,10126.8,16.77,59699
Portugal,Sweet potatoes,2013,854.0,10126.8,16.77,224367
Portugal,Wheat,2013,854.0,10126.8,16.77,17635
Portugal,Yams,2013,854.0,10126.8,16.77,169492
Qatar,Maize,2013,74.0,68.0,28.68,124845
Qatar,Potatoes,2013,74.0,68.0,28.68,109298
Qatar,Wheat,2013,74.0,68.0,28.68,22632
Romania,Maize,2013,637.0,6947.9,13.94,44941
Romania,Potatoes,2013,637.0,6947.9,13.94,158462
Romania,"Rice, paddy",2013,637.0,6947.9,13.94,47194
Romania,Sorghum,2013,637.0,6947.9,13.94,23726
Romania,Soybeans,2013,637.0,6947.9,13.94,22242
Romania,Wheat,2013,637.0,6947.9,13.94,34786
Rwanda,Cassava,2013,1212.0,1841.5,19.93,157657
Rwanda,Maize,2013,1212.0,1841.5,19.93,22845
Rwanda,Potatoes,2013,1212.0,1841.5,19.93,136056
Rwanda,"Rice, paddy",2013,1212.0,1841.5,19.93,53362
Rwanda,Sorghum,2013,1212.0,1841.5,19.93,14433
Rwanda,Soybeans,2013,1212.0,1841.5,19.93,6755
Rwanda,Sweet potatoes,2013,1212.0,1841.5,19.93,96163
Rwanda,Wheat,2013,1212.0,1841.5,19.93,19924
Rwanda,Yams,2013,1212.0,1841.5,19.93,154700
Saudi Arabia,Maize,2013,59.0,5412.5,27.57,61024
Saudi Arabia,Maize,2013,59.0,5412.5,27.78,61024
Saudi Arabia,Potatoes,2013,59.0,5412.5,27.57,256547
Saudi Arabia,Potatoes,2013,59.0,5412.5,27.78,256547
Saudi Arabia,Sorghum,2013,59.0,5412.5,27.57,26199
Saudi Arabia,Sorghum,2013,59.0,5412.5,27.78,26199
Saudi Arabia,Wheat,2013,59.0,5412.5,27.57,64333
Saudi Arabia,Wheat,2013,59.0,5412.5,27.78,64333
Senegal,Cassava,2013,686.0,722.53,24.7,69978
Senegal,Maize,2013,686.0,722.53,24.7,14428
Senegal,Potatoes,2013,686.0,722.53,24.7,225885
Senegal,"Rice, paddy",2013,686.0,722.53,24.7,40181
Senegal,Sorghum,2013,686.0,722.53,24.7,8458
Senegal,Sweet potatoes,2013,686.0,722.53,24.7,352871
Slovenia,Maize,2013,1162.0,917.49,11.58,54145
Slovenia,Potatoes,2013,1162.0,917.49,11.58,187950
Slovenia,Soybeans,2013,1162.0,917.49,11.58,16655
Slovenia,Wheat,2013,1162.0,917.49,11.58,43528
South Africa,Maize,2013,495.0,26857.0,21.31,42466
South Africa,Maize,2013,495.0,26857.0,14.98,42466
South Africa,Maize,2013,495.0,26857.0,18.0,42466
South Africa,Maize,2013,495.0,26857.0,14.98,42466
South Africa,Potatoes,2013,495.0,26857.0,21.31,353546
South Africa,Potatoes,2013,495.0,26857.0,14.98,353546
South Africa,Potatoes,2013,495.0,26857.0,18.0,353546
South Africa,Potatoes,2013,495.0,26857.0,14.98,353546
South Africa,"Rice, paddy",2013,495.0,26857.0,21.31,26087
South Africa,"Rice, paddy",2013,495.0,26857.0,14.98,26087
South Africa,"Rice, paddy",2013,495.0,26857.0,18.0,26087
South Africa,"Rice, paddy",2013,495.0,26857.0,14.98,26087
South Africa,Sorghum,2013,495.0,26857.0,21.31,23507
South Africa,Sorghum,2013,495.0,26857.0,14.98,23507
South Africa,Sorghum,2013,495.0,26857.0,18.0,23507
South Africa,Sorghum,2013,495.0,26857.0,14.98,23507
South Africa,Soybeans,2013,495.0,26857.0,21.31,15189
South Africa,Soybeans,2013,495.0,26857.0,14.98,15189
South Africa,Soybeans,2013,495.0,26857.0,18.0,15189
South Africa,Soybeans,2013,495.0,26857.0,14.98,15189
South Africa,Sweet potatoes,2013,495.0,26857.0,21.31,29812
South Africa,Sweet potatoes,2013,495.0,26857.0,14.98,29812
South Africa,Sweet potatoes,2013,495.0,26857.0,18.0,29812
South Africa,Sweet potatoes,2013,495.0,26857.0,14.98,29812
South Africa,Wheat,2013,495.0,26857.0,21.31,36993
South Africa,Wheat,2013,495.0,26857.0,14.98,36993
South Africa,Wheat,2013,495.0,26857.0,18.0,36993
South Africa,Wheat,2013,495.0,26857.0,14.98,36993
Spain,Maize,2013,636.0,54197.0,17.0,110445
Spain,Maize,2013,636.0,54197.0,12.68,110445
Spain,Maize,2013,636.0,54197.0,17.46,110445
Spain,Potatoes,2013,636.0,54197.0,17.0,309367
Spain,Potatoes,2013,636.0,54197.0,12.68,309367
Spain,Potatoes,2013,636.0,54197.0,17.46,309367
Spain,"Rice, paddy",2013,636.0,54197.0,17.0,77902
Spain,"Rice, paddy",2013,636.0,54197.0,12.68,77902
Spain,"Rice, paddy",2013,636.0,54197.0,17.46,77902
Spain,Sorghum,2013,636.0,54197.0,17.0,50111
Spain,Sorghum,2013,636.0,54197.0,12.68,50111
Spain,Sorghum,2013,636.0,54197.0,17.46,50111
Spain,Soybeans,2013,636.0,54197.0,17.0,28000
Spain,Soybeans,2013,636.0,54197.0,12.68,28000
Spain,Soybeans,2013,636.0,54197.0,17.46,28000
Spain,Sweet potatoes,2013,636.0,54197.0,17.0,161919
Spain,Sweet potatoes,2013,636.0,54197.0,12.68,161919
Spain,Sweet potatoes,2013,636.0,54197.0,17.46,161919
Spain,Wheat,2013,636.0,54197.0,17.0,36447
Spain,Wheat,2013,636.0,54197.0,12.68,36447
Spain,Wheat,2013,636.0,54197.0,17.46,36447
Sri Lanka,Cassava,2013,1712.0,1235.31,27.03,126527
Sri Lanka,Maize,2013,1712.0,1235.31,27.03,30868
Sri Lanka,Plantains and others,2013,1712.0,1235.31,27.03,114222
Sri Lanka,Potatoes,2013,1712.0,1235.31,27.03,153210
Sri Lanka,"Rice, paddy",2013,1712.0,1235.31,27.03,38897
Sri Lanka,Sorghum,2013,1712.0,1235.31,27.03,14227
Sri Lanka,Soybeans,2013,1712.0,1235.31,27.03,16955
Sri Lanka,Sweet potatoes,2013,1712.0,1235.31,27.03,93002
Sudan,Maize,2013,1712.0,2469.47,26.84,15997
Sudan,Maize,2013,1712.0,2469.47,30.65,15997
Sudan,Potatoes,2013,1712.0,2469.47,26.84,166669
Sudan,Potatoes,2013,1712.0,2469.47,30.65,166669
Sudan,"Rice, paddy",2013,1712.0,2469.47,26.84,33060
Sudan,"Rice, paddy",2013,1712.0,2469.47,30.65,33060
Sudan,Sorghum,2013,1712.0,2469.47,26.84,6390
Sudan,Sorghum,2013,1712.0,2469.47,30.65,6390
Sudan,Sweet potatoes,2013,1712.0,2469.47,26.84,213626
Sudan,Sweet potatoes,2013,1712.0,2469.47,30.65,213626
Sudan,Wheat,2013,1712.0,2469.47,26.84,19534
Sudan,Wheat,2013,1712.0,2469.47,30.65,19534
Sudan,Yams,2013,1712.0,2469.47,26.84,21053
Sudan,Yams,2013,1712.0,2469.47,30.65,21053
Suriname,Cassava,2013,2331.0,537.49,27.17,298608
Suriname,Maize,2013,2331.0,537.49,27.17,24737
Suriname,Plantains and others,2013,2331.0,537.49,27.17,307428
Suriname,"Rice, paddy",2013,2331.0,537.49,27.17,44965
Suriname,Soybeans,2013,2331.0,537.49,27.17,10000
Suriname,Sweet potatoes,2013,2331.0,537.49,27.17,169487
Sweden,Potatoes,2013,624.0,1620.0,7.1,337563
Sweden,Wheat,2013,624.0,1620.0,7.1,57792
Switzerland,Maize,2013,1537.0,2098.5,7.94,100837
Switzerland,Potatoes,2013,1537.0,2098.5,7.94,325935
Switzerland,Soybeans,2013,1537.0,2098.5,7.94,25252
Switzerland,Wheat,2013,1537.0,2098.5,7.94,53834
Tajikistan,Maize,2013,691.0,264.6,10.1,124827
Tajikistan,Potatoes,2013,691.0,264.6,10.1,251396
Tajikistan,"Rice, paddy",2013,691.0,264.6,10.1,66592
Tajikistan,Sorghum,2013,691.0,264.6,10.1,34000
Tajikistan,Soybeans,2013,691.0,264.6,10.1,3273
Tajikistan,Wheat,2013,691.0,264.6,10.1,29735
Thailand,Cassava,2013,1622.0,8136.0,28.98,218232
Thailand,Maize,2013,1622.0,8136.0,28.98,42242
Thailand,Potatoes,2013,1622.0,8136.0,28.98,150014
Thailand,"Rice, paddy",2013,1622.0,8136.0,28.98,31463
Thailand,Sorghum,2013,1622.0,8136.0,28.98,19061
Thailand,Soybeans,2013,1622.0,8136.0,28.98,17308
Thailand,Wheat,2013,1622.0,8136.0,28.98,12500
Tunisia,Potatoes,2013,207.0,422.24,20.0,160417
Tunisia,Sorghum,2013,207.0,422.24,20.0,5106
Tunisia,Wheat,2013,207.0,422.24,20.0,14614
Turkey,Maize,2013,593.0,39440.0,20.22,89499
Turkey,Maize,2013,593.0,39440.0,13.27,89499
Turkey,Maize,2013,593.0,39440.0,14.07,89499
Turkey,Maize,2013,593.0,39440.0,16.02,89499
Turkey,Maize,2013,593.0,39440.0,19.21,89499
Turkey,Potatoes,2013,593.0,39440.0,20.22,315329
Turkey,Potatoes,2013,593.0,39440.0,13.27,315329
Turkey,Potatoes,2013,593.0,39440.0,14.07,315329
Turkey,Potatoes,2013,593.0,39440.0,16.02,315329
Turkey,Potatoes,2013,593.0,39440.0,19.21,315329
Turkey,"Rice, paddy",2013,593.0,39440.0,20.22,81380
Turkey,"Rice, paddy",2013,593.0,39440.0,13.27,81380
Turkey,"Rice, paddy",2013,593.0,39440.0,14.07,81380
Turkey,"Rice, paddy",2013,593.0,39440.0,16.02,81380
Turkey,"Rice, paddy",2013,593.0,39440.0,19.21,81380
Turkey,Sorghum,2013,593.0,39440.0,20.22,26544
Turkey,Sorghum,2013,593.0,39440.0,13.27,26544
Turkey,Sorghum,2013,593.0,39440.0,14.07,26544
Turkey,Sorghum,2013,593.0,39440.0,16.02,26544
Turkey,Sorghum,2013,593.0,39440.0,19.21,26544
Turkey,Soybeans,2013,593.0,39440.0,20.22,41609
Turkey,Soybeans,2013,593.0,39440.0,13.27,41609
Turkey,Soybeans,2013,593.0,39440.0,14.07,41609
Turkey,Soybeans,2013,593.0,39440.0,16.02,41609
Turkey,Soybeans,2013,593.0,39440.0,19.21,41609
Turkey,Wheat,2013,593.0,39440.0,20.22,28451
Turkey,Wheat,2013,593.0,39440.0,13.27,28451
Turkey,Wheat,2013,593.0,39440.0,14.07,28451
Turkey,Wheat,2013,593.0,39440.0,16.02,28451
Turkey,Wheat,2013,593.0,39440.0,19.21,28451
Uganda,Cassava,2013,1180.0,88.0,24.13,35006
Uganda,Maize,2013,1180.0,88.0,24.13,24949
Uganda,Plantains and others,2013,1180.0,88.0,24.13,45000
Uganda,Potatoes,2013,1180.0,88.0,24.13,45013
Uganda,"Rice, paddy",2013,1180.0,88.0,24.13,23011
Uganda,Sorghum,2013,1180.0,88.0,24.13,8016
Uganda,Soybeans,2013,1180.0,88.0,24.13,5000
Uganda,Sweet potatoes,2013,1180.0,88.0,24.13,40059
Uganda,Wheat,2013,1180.0,88.0,24.13,14286
Ukraine,Maize,2013,565.0,86781.8,10.33,64119
Ukraine,Potatoes,2013,565.0,86781.8,10.33,159664
Ukraine,"Rice, paddy",2013,565.0,86781.8,10.33,59938
Ukraine,Sorghum,2013,565.0,86781.8,10.33,27409
Ukraine,Soybeans,2013,565.0,86781.8,10.33,20535
Ukraine,Wheat,2013,565.0,86781.8,10.33,33931
United Kingdom,Potatoes,2013,1220.0,17673.46,8.76,408993
United Kingdom,Potatoes,2013,1220.0,17673.46,9.57,408993
United Kingdom,Potatoes,2013,1220.0,17673.46,9.57,408993
United Kingdom,Potatoes,2013,1220.0,17673.46,8.39,408993
United Kingdom,Potatoes,2013,1220.0,17673.46,9.91,408993
United Kingdom,Wheat,2013,1220.0,17673.46,8.76,73838
United Kingdom,Wheat,2013,1220.0,17673.46,9.57,73838
United Kingdom,Wheat,2013,1220.0,17673.46,9.57,73838
United Kingdom,Wheat,2013,1220.0,17673.46,8.39,73838
United Kingdom,Wheat,2013,1220.0,17673.46,9.91,73838
Uruguay,Maize,2013,1300.0,19028.6,15.92,56309
Uruguay,Potatoes,2013,1300.0,19028.6,15.92,224434
Uruguay,"Rice, paddy",2013,1300.0,19028.6,15.92,78812
Uruguay,Sorghum,2013,1300.0,19028.6,15.92,42653
Uruguay,Soybeans,2013,1300.0,19028.6,15.92,26333
Uruguay,Sweet potatoes,2013,1300.0,19028.6,15.92,93902
Uruguay,Wheat,2013,1300.0,19028.6,15.92,33177
Zambia,Cassava,2013,1020.0,1670.0,20.14,58248
Zambia,Maize,2013,1020.0,1670.0,20.14,25382
Zambia,Potatoes,2013,1020.0,1670.0,20.14,158337
Zambia,"Rice, paddy",2013,1020.0,1670.0,20.14,11617
Zambia,Sorghum,2013,1020.0,1670.0,20.14,6478
Zambia,Soybeans,2013,1020.0,1670.0,20.14,20909
Zambia,Sweet potatoes,2013,1020.0,1670.0,20.14,38873
Zambia,Wheat,2013,1020.0,1670.0,20.14,65435
Zimbabwe,Cassava,2013,657.0,2550.07,19.76,46000
Zimbabwe,Maize,2013,657.0,2550.07,19.76,7449
Zimbabwe,Potatoes,2013,657.0,2550.07,19.76,165714
Zimbabwe,"Rice, paddy",2013,657.0,2550.07,19.76,22581
Zimbabwe,Sorghum,2013,657.0,2550.07,19.76,3066
Zimbabwe,Soybeans,2013,657.0,2550.07,19.76,13142
Zimbabwe,Sweet potatoes,2013,657.0,2550.07,19.76,22222
Zimbabwe,Wheat,2013,657.0,2550.07,19.76,22888
